GuardianID,GivenName,Surname,EmailAddress,PhoneNumber
1,Olufunke,Oloyede,asakeogunyeye@example.org,+1-915-699-4647x90091
2,Mofifoluwa,Fagunwa,olakunle18@example.org,374-761-2636x2591
3,Arinola,Odetola,fehintola92@example.com,355.388.6574
4,Simisola,Olabode,odetolafikayomi@example.com,954-606-8404
5,Fikayomi,Oyaifo,yolabode@example.org,(475)289-9640x088
6,Adigun,Omidina,omotara33@example.com,(980)722-1590
7,Abebi,Makinde,aanuoluwapoedun@example.com,(653)318-1820
8,Abeni,Olasupo,ogundeibironke@example.net,+1-442-825-9646x384
9,Tokunbo,Olowokeere,homidina@example.net,891.923.5727x91570
10,Mojisoluwa,Bamiloye,afolarin77@example.org,+1-756-500-7316x18639
11,Segilola,Ogulana,yejide47@example.net,(796)485-4837x2565
12,Folashade,Kolade,ronkeadelakun@example.org,574.480.6526x0508
13,Boluwatife,Awolowo,morolakebalogun@example.com,+1-637-475-9797x460
14,Subomi,Ninalowo,eogunbiyi@example.org,513-922-5629
15,Mosinmileoluwa,Makinde,ninalowoololade@example.net,+1-900-275-3958x450
16,Juwon,Oyinlola,lafolayan@example.org,623.213.1177x94424
17,Omodunni,Aderibigbe,ayinde77@example.net,287-895-5628
18,Ololade,Kolade,oluwafemi10@example.com,+1-229-541-1319
19,Abiona,Osuntokun,ololadefaloye@example.com,740-616-4198x6562
20,Oyenike,Ojo,oladimeji33@example.net,(479)548-3074
21,Babawale,Afonja,toluwanimifaleti@example.net,780.586.8101x4475
22,Ayoka,Olaiya,olubodeadebukola@example.com,466-682-7171x38349
23,Awero,Morawo,olufunmilayoogunbo@example.com,490-967-2489
24,Oluwasanmi,Aderibigbe,seyeodunsi@example.org,955-970-4050x2227
25,Mofifoluwa,Adekunle,ladelusi@example.com,795.874.4921
26,Asake,Odunsi,mawodiran@example.net,+1-676-677-7081x6642
27,Akinkunmi,Oyeniyi,oyaifoakinlabi@example.com,237.248.3644x903
28,Ajoke,Adeyemo,iogunyeye@example.net,345.915.9297
29,Mosinmileoluwa,Balogun,olajumoke88@example.com,+1-253-762-0902x34982
30,Adunni,Adesiyan,zkosoko@example.com,+1-712-748-5262x9485
31,Babawale,Kosoko,oluwasanmi71@example.org,348.602.9171
32,Moradeke,Fajimi,mosinmileoluwa76@example.net,988.998.2446
33,Oluwasegun,Ayandokun,omotola87@example.com,337.480.5640x58567
34,Alade,Afonja,damifesoyinka@example.com,001-564-553-5715x520
35,Iretioluwa,Adegoke,afolarin33@example.com,(773)464-0316
36,Iyadunni,Aderogba,adebukola11@example.com,001-888-993-7396x599
37,Similoluwa,Ogunwobi,xaderogba@example.net,782-438-9899
38,Adedayo,Bamiloye,dmakinwa@example.net,676.649.3458x3304
39,Gbadebo,Owoyemi,bunmiadekunle@example.net,001-598-324-6141x77501
40,Abosede,Ajewole,ajokeolukunga@example.net,7606494960
41,Ninioluwa,Bakare,fikayomifaloye@example.org,(919)861-7773x8710
42,Fadekemi,Kosoko,fehintola47@example.org,(576)737-8950x2052
43,Tolulope,Jaiyeola,ajayiomotoun@example.com,616.499.6219x48419
44,Esupofo,Oyetoro,fikayomi51@example.com,9767978611
45,Tolulope,Ojo,oladipupoadekitan@example.net,001-825-536-2606x7500
46,Adekola,Falabi,ayodejifaloye@example.org,2812335087
47,Olansile,Adelusi,iretioluwaoyadiran@example.com,(218)207-1900x968
48,Akinkunmi,Salami,mojisoluwa49@example.com,(599)788-6799
49,Ajala,Ogunbamigbe,yadegoke@example.net,758-590-3737
50,Moyosore,Awodiran,aolujimi@example.net,4885354540
51,Durodola,Koya,fehintolafadipe@example.net,469.823.4860x26165
52,Lere,Oladipupo,adeoti22@example.com,+1-691-852-6992x64499
53,Morayo,Omidina,osunlekeaderogba@example.net,790-773-2399x54288
54,Babatunji,Oluwagbemi,kadebisi@example.org,001-964-213-2496x812
55,Gbowoade,Adegoke,similoluwa67@example.net,951.948.7010
56,Lere,Ademiluyi,fajimiyewande@example.com,949.990.7580
57,Oreofe,Ojua,ademiluyiige@example.com,001-233-370-7403x493
58,Mojisoluwa,Olaiya,ajoke24@example.org,001-650-378-2118x137
59,Titilayo,Adelusi,vaderogba@example.net,001-603-430-2385
60,Damife,Salami,gbolahan63@example.net,+1-264-714-0343x197
61,Gbolahan,Koya,abeniakinrinola@example.com,001-793-591-8055x328
62,Olansile,Jaiyeola,olumorotimifasasi@example.org,+1-937-856-9928
63,Ibidapo,Oparinde,temidayo56@example.net,+1-395-682-9800x315
64,Adeolu,Oparinde,zfajimi@example.net,521-807-8548x58336
65,Ayinde,Bamidele,adelakunamope@example.org,917.958.3607x778
66,Adetoun,Fagunwa,adetayofasasi@example.net,973.941.5037x91967
67,Radeke,Ademiluyi,oluwafemijaiyeola@example.net,4105923690
68,Titilayo,Ayoola,adebiyioladipupo@example.net,001-921-510-0791x403
69,Ekundayo,Awolowo,adeleke87@example.org,295.222.6163x978
70,Similoluwa,Akinrinola,alamu54@example.net,001-582-702-3511
71,Simisola,Salami,olukungatade@example.com,(411)798-7557x07839
72,Abayomi,Olabode,ewatomiogunbo@example.org,504.471.7629x892
73,Adesewa,Iyanda,bajayi@example.com,(753)411-1092x42911
74,Fibikemi,Aloba,titilayooshin@example.org,(902)393-9436x71892
75,Mofifoluwa,Omojola,adeleke09@example.org,+1-650-202-3420
76,Ibidapo,Odunsi,omowumi67@example.net,+1-915-926-6387x87100
77,Oluwakemi,Fasasi,oyindasola22@example.net,+1-962-656-8522
78,Asake,Adegbite,xiyanda@example.org,+1-422-491-2190x28156
79,Subomi,Oyinlola,damife24@example.com,+1-919-551-8342x54918
80,Afolarin,Oparinde,omotosobabasola@example.org,985.926.6410x4567
81,Oyindasola,Fagunwa,ige17@example.org,643.209.3176
82,Folashade,Fajimi,kolawole48@example.net,+1-834-457-8276x10494
83,Gbolahan,Balogun,niyilolawa05@example.com,001-470-899-2888x13035
84,Babasola,Ogunbamigbe,shekonigbowoade@example.com,(835)778-4919x51368
85,Toki,Oyaifo,oluwafemiowokoniran@example.org,+1-755-872-3168x433
86,Oyindasola,Ogunyeye,titilayomakinde@example.org,+1-302-830-3677x5149
87,Ibironke,Ayoola,ayoolagbowoade@example.net,973.546.7787x6986
88,Esupofo,Aderogba,ekoya@example.com,457.706.9655x2666
89,Oluwafemi,Adegbite,bomotoso@example.org,(478)996-0435
90,Sijuade,Aloba,bolatito16@example.net,2024216288
91,Aanuoluwapo,Olasupo,mofifoluwaolujimi@example.org,660-213-0434
92,Omolara,Ayandokun,jsalami@example.com,580-262-5432x206
93,Akinwale,Fadipe,adesuaoyadiran@example.org,826-478-9130x348
94,Adedayo,Ogulana,jiyanda@example.net,(634)674-3251
95,Adunni,Makinde,zbamidele@example.net,9838455885
96,Oluwakemi,Adegoke,ogunbamigbegbowoade@example.org,977-436-6113
97,Arike,Oyadiran,soyinkaadebowale@example.net,001-907-252-3878
98,Omowumi,Makinde,oloyedeadeshina@example.net,+1-974-615-3195x85344
99,Inioluwa,Olukunga,ayandokunolakunle@example.org,+1-843-382-3996
100,Tomori,Ajao,ayoolaakinkunmi@example.org,4715389087
